compound,zeroeth group,"amine, primary","amine, secondary","amine, tertiary",alkane CH,alkene CH,aromatic CH,carbonyl,hydroxyl (alkyl),carboxylic acid,"ester, all",ester,ether,peroxide,nitro,aromatic hydroxyl,hydroperoxide,amide,nitrate,organosulfate,carbonylperoxynitrate,ketone,aldehyde,"amide, primary","amide, secondary","amide, tertiary",carbonylperoxyacid,peroxy nitrate,carbon number,"ether, aromatic",ether (alicyclic),"amine, aromatic",nitroester,C=C-C=O in non-aromatic ring,C=C (non-aromatic),nC-OHside-a,carbon number on the acid-side of an amide (asa)
0,1,0,0,0,2,0,7,0,0,0,0,0,0,0,0,0,0,1,0,0,0,0,0,1,0,0,0,0,12,0,0,0,0,0,0,0,11
1,1,0,0,0,5,0,2,0,0,0,1,1,0,0,0,0,0,0,0,0,0,0,0,0,0,0,0,0,9,1,0,0,0,0,0,0,0
2,1,0,0,0,6,0,3,0,0,1,0,0,0,0,0,0,0,0,0,0,0,0,0,0,0,0,0,0,10,1,0,0,0,0,0,0,0
3,1,0,0,0,5,0,3,0,0,0,1,1,0,0,0,0,0,0,0,0,0,0,0,0,0,0,0,0,9,1,0,0,0,0,0,0,0
4,1,0,0,0,12,0,2,0,0,0,1,1,0,0,0,0,0,1,0,0,0,0,0,0,1,0,0,0,11,0,0,0,0,0,0,1,9
5,1,0,0,0,16,2,0,1,0,0,0,0,0,0,0,0,0,0,0,0,0,1,0,0,0,0,0,0,10,0,0,0,0,0,1,0,0
6,1,0,0,0,0,0,4,0,0,0,0,0,0,0,0,0,0,2,0,0,0,0,0,1,3,0,0,0,7,0,0,0,0,0,0,0,6
7,1,0,0,0,3,0,3,0,0,0,0,0,0,0,0,1,0,0,0,0,0,0,0,0,0,0,0,0,7,0,0,0,0,0,0,0,0
8,1,0,0,0,2,0,4,0,0,1,0,0,0,0,0,0,0,0,0,0,0,0,0,0,0,0,0,0,8,1,0,0,0,0,0,0,0
9,1,0,0,0,17,0,3,0,0,0,0,0,1,0,0,0,0,1,0,0,0,0,0,0,0,1,0,0,14,0,0,0,0,0,0,1,12
10,1,0,0,0,0,0,3,0,0,0,0,0,0,0,0,0,0,0,0,0,0,0,0,0,0,0,0,0,7,0,0,0,0,0,0,0,0
11,1,0,0,0,12,0,0,0,0,0,0,0,0,0,0,0,0,1,0,0,0,0,0,0,1,0,0,0,7,0,0,0,0,0,0,1,5
12,1,0,0,0,15,0,0,0,0,0,0,0,1,0,0,0,0,1,0,0,0,0,0,0,1,0,0,0,7,0,0,0,0,0,0,2,4
13,1,0,0,0,12,0,1,0,0,0,0,0,0,0,0,0,0,1,0,0,0,0,0,0,2,0,0,0,9,2,0,0,0,0,0,0,8
14,1,0,0,0,12,0,3,0,0,0,1,1,0,0,0,0,0,1,0,0,0,0,0,0,1,0,0,0,11,0,0,1,0,0,0,1,9
15,1,0,0,0,8,0,7,0,1,0,0,0,0,0,0,0,0,0,0,0,0,0,0,0,0,0,0,0,15,1,0,0,0,0,0,0,0
16,1,0,0,0,0,0,4,0,0,0,0,0,0,0,0,0,0,0,0,0,0,0,0,0,0,0,0,0,9,0,0,1,0,0,0,0,0
17,1,0,0,0,6,0,5,0,0,0,0,0,0,0,0,0,0,0,0,0,0,0,0,0,0,0,0,0,12,0,2,0,0,0,0,0,0
18,1,0,0,0,8,0,2,0,0,0,0,0,0,0,0,0,0,0,0,0,0,0,0,0,0,0,0,0,9,1,0,0,0,0,0,0,0
19,1,0,0,0,12,0,4,0,0,0,0,0,0,0,0,0,0,0,0,0,0,0,0,0,0,0,0,0,12,0,0,0,0,0,0,0,0
20,1,0,0,0,10,0,0,0,0,0,0,0,0,0,0,0,0,0,0,0,0,0,0,0,0,0,0,0,7,0,0,2,0,0,0,0,0
21,1,0,0,0,4,0,4,0,0,0,1,1,0,0,0,0,0,1,0,0,0,0,0,0,1,0,0,0,11,0,0,0,0,0,0,0,10
22,1,0,0,0,14,0,2,0,0,0,0,0,0,0,2,0,0,0,0,0,0,0,0,0,0,0,0,0,13,0,0,1,0,0,0,0,0
23,1,0,0,0,27,0,3,0,0,0,2,2,0,0,0,0,0,0,0,0,0,0,0,0,0,0,0,0,20,1,0,0,0,0,0,1,0
24,1,0,0,0,0,0,9,0,0,0,0,0,0,0,0,0,0,1,0,0,0,0,0,0,1,0,0,0,13,0,0,0,0,0,0,0,12
25,1,0,0,0,12,0,4,0,0,0,1,1,0,0,0,0,0,2,0,0,0,0,0,0,2,0,0,0,14,0,0,0,0,0,0,4,9
26,1,0,0,0,11,0,5,0,0,0,1,1,0,0,0,0,0,1,0,0,0,0,0,0,2,0,0,0,16,2,0,0,0,0,0,0,15
27,1,0,0,0,7,0,3,0,0,0,0,0,0,0,0,1,0,0,0,0,0,0,0,0,0,0,0,0,10,0,0,1,0,0,0,3,0
28,1,0,0,0,8,0,3,0,1,0,0,0,0,0,0,1,0,0,0,0,0,0,0,0,0,0,0,0,10,0,0,1,0,0,0,0,0
29,1,0,0,0,9,0,8,0,0,0,1,1,0,0,0,0,0,1,0,0,0,0,0,0,0,1,0,0,18,0,0,0,0,0,0,3,14
30,1,0,0,0,2,0,6,0,0,0,0,0,0,0,0,0,0,0,0,0,0,0,0,0,0,0,0,0,12,0,0,1,0,0,0,0,0
31,1,0,0,0,3,0,6,0,0,0,1,1,0,0,1,0,0,0,0,0,0,0,0,0,0,0,0,0,14,1,0,0,0,0,0,0,0
32,1,0,0,0,15,1,2,0,0,0,1,1,0,0,2,0,0,0,0,0,0,0,0,0,0,0,0,0,15,0,0,0,0,0,1,0,0
33,1,0,0,0,12,0,5,0,0,1,0,0,0,0,0,0,0,0,0,0,0,0,0,0,0,0,0,0,19,6,0,0,0,0,0,0,0
34,1,0,0,0,12,0,0,0,0,0,0,0,0,0,0,0,0,0,0,0,0,0,0,0,0,0,0,0,9,0,0,0,0,0,0,0,0
35,1,0,0,0,10,1,3,0,0,0,0,0,0,0,0,0,0,0,0,0,0,0,0,0,0,0,0,0,12,0,0,0,0,0,1,0,0
36,1,0,0,0,5,0,0,0,0,0,0,0,0,0,0,0,0,0,0,0,0,0,0,0,0,0,0,0,8,0,0,0,0,0,1,0,0
37,1,0,0,0,6,0,2,0,0,0,0,0,0,0,0,0,0,0,0,0,0,0,0,0,0,0,0,0,8,0,0,0,0,0,0,0,0
38,1,0,0,0,7,0,5,0,0,0,0,0,0,0,0,0,0,0,0,0,0,0,0,0,0,0,0,0,13,0,1,0,0,0,0,0,0
39,1,0,0,0,23,0,3,0,0,0,0,0,1,0,0,0,0,1,0,0,0,0,0,0,0,1,0,0,17,0,0,0,0,0,0,1,15
40,1,0,0,0,11,3,4,0,0,0,2,2,0,0,0,0,0,0,0,0,0,0,0,0,0,0,0,0,20,0,0,0,0,0,1,0,0
41,1,0,0,0,13,0,0,0,0,0,0,0,0,0,0,0,0,1,0,0,0,0,0,0,1,0,0,0,7,0,0,0,0,0,0,1,5
42,1,0,0,0,18,0,2,0,0,0,0,0,0,0,2,0,0,0,0,0,0,0,0,0,0,0,0,0,14,0,0,1,0,0,0,0,0
43,1,0,0,0,23,0,0,0,0,0,0,0,0,0,0,0,0,0,0,0,0,0,0,0,0,0,0,0,10,0,0,0,0,0,0,0,0
44,1,0,0,0,7,2,0,0,0,0,0,0,0,0,0,0,0,0,0,0,0,0,0,0,0,0,0,0,10,0,0,0,0,0,1,8,0
45,1,0,0,0,6,2,0,0,0,0,0,0,0,0,0,0,0,0,0,0,0,0,0,0,0,0,0,0,9,0,0,0,0,0,1,8,0
46,1,0,0,0,9,0,5,0,0,0,1,1,0,0,0,0,0,2,0,0,0,0,0,0,2,0,0,0,12,0,0,0,0,0,0,2,9
47,1,0,0,0,12,0,4,0,0,0,0,0,0,0,0,0,0,0,0,0,0,0,0,0,0,0,0,0,11,0,0,0,0,0,0,0,0
48,1,0,0,0,8,0,4,0,0,0,0,0,0,0,0,0,0,0,0,0,0,0,0,0,0,0,0,0,9,0,0,0,0,0,0,0,0
49,1,0,0,0,29,0,3,0,0,0,1,1,0,0,0,0,0,0,0,0,0,0,0,0,0,0,0,0,20,1,0,0,0,0,0,1,0
50,1,0,0,0,12,0,2,0,0,0,1,1,0,0,0,0,0,0,0,0,0,0,0,0,0,0,0,0,15,0,0,0,0,0,0,0,0
51,1,0,0,0,3,0,3,0,0,0,0,0,0,0,0,0,0,0,0,0,0,0,0,0,0,0,0,0,10,0,0,0,0,0,0,0,0
52,1,0,0,0,2,0,8,0,0,0,0,0,0,0,0,0,0,0,0,0,0,0,0,0,0,0,0,0,13,0,0,0,0,0,0,0,0
53,1,0,0,0,5,0,8,0,1,0,1,1,0,0,0,0,0,0,0,0,0,0,0,0,0,0,0,0,16,0,0,0,0,0,0,0,0
54,1,0,0,0,6,0,3,0,0,0,0,0,0,0,0,0,0,1,0,0,0,0,0,0,1,0,0,0,9,0,0,0,0,0,0,1,7
55,1,0,0,0,4,0,4,0,0,0,1,1,0,0,0,0,0,1,0,0,0,0,0,0,1,0,0,0,11,0,0,0,0,0,0,0,10
56,1,0,0,0,0,0,0,1,0,0,0,0,0,0,0,0,0,0,0,0,0,1,0,0,0,0,0,0,10,0,0,0,0,0,0,0,0
57,1,0,0,0,6,0,4,0,0,0,1,1,0,0,0,0,0,0,0,0,0,0,0,0,0,0,0,0,10,0,0,0,0,0,0,0,0
58,1,0,0,0,0,0,8,0,0,0,0,0,0,0,0,0,0,0,0,0,0,0,0,0,0,0,0,0,12,0,0,0,0,0,0,0,0
59,1,0,0,0,0,0,7,0,0,0,0,0,0,0,0,0,0,3,0,0,0,0,0,0,3,0,0,0,20,1,0,0,0,0,0,2,17
60,1,0,0,0,0,0,6,0,0,0,0,0,0,0,0,0,0,0,0,0,0,0,0,0,0,0,0,0,10,0,0,1,0,0,0,0,0
61,1,0,0,0,12,0,0,0,0,0,0,0,0,0,0,0,0,0,0,0,0,0,0,0,0,0,0,0,5,0,0,0,0,0,0,0,0
62,1,0,0,0,6,0,2,0,0,0,0,0,0,0,0,0,0,0,0,0,0,0,0,0,0,0,0,0,8,2,0,0,0,0,0,0,0
63,1,0,0,0,6,0,8,0,0,0,0,0,0,0,0,0,0,2,0,0,0,0,0,0,1,2,0,0,15,1,0,0,0,0,0,2,12
64,1,0,0,0,6,0,4,0,0,0,0,0,0,0,0,0,0,1,0,0,0,0,0,0,2,0,0,0,12,1,0,0,0,0,0,0,11
65,1,1,0,0,0,0,3,0,0,0,0,0,0,0,0,0,0,0,0,0,0,0,0,0,0,0,0,0,7,0,0,0,0,0,0,0,0
66,1,0,0,0,6,0,3,0,0,0,0,0,0,0,1,0,0,0,0,0,0,0,0,0,0,0,0,0,8,0,0,0,0,0,0,0,0
67,1,0,0,0,13,0,2,0,0,0,0,0,0,0,0,0,0,0,0,0,0,0,0,0,0,0,0,0,11,0,0,0,0,0,0,0,0
68,1,0,0,0,9,0,3,0,0,0,0,0,0,0,0,0,0,2,0,0,0,0,0,0,1,2,0,0,10,0,0,0,0,0,0,2,7
69,1,0,0,0,13,1,3,0,0,0,1,1,0,0,0,0,0,2,0,0,0,0,0,0,0,2,0,0,19,0,0,0,0,2,2,8,10
70,1,0,0,0,13,0,4,0,0,0,0,0,1,0,0,0,0,1,0,0,0,0,0,0,2,0,0,0,15,3,0,0,0,0,0,0,14
71,1,0,0,0,10,0,7,1,0,0,0,0,0,0,0,0,0,0,0,0,0,1,0,0,0,0,0,0,15,1,0,0,0,0,0,0,0
72,1,0,0,0,6,0,6,0,0,0,1,1,0,0,0,0,0,0,0,0,0,0,0,0,0,0,0,0,17,2,0,0,0,0,0,0,0
73,1,0,0,0,17,0,5,0,0,0,1,1,0,0,0,0,0,0,0,0,0,0,0,0,0,0,0,0,18,1,0,0,0,0,0,0,0
74,1,0,0,0,9,0,1,0,0,0,0,0,0,0,0,0,0,0,0,0,0,0,0,0,0,0,0,0,7,0,0,1,0,0,0,0,0
75,1,0,0,0,15,0,3,0,0,0,0,0,0,0,0,0,0,0,0,0,0,0,0,0,0,0,0,0,12,0,0,0,0,0,0,0,0
76,1,0,0,0,11,0,0,0,0,0,0,0,0,0,0,0,0,0,0,0,0,0,0,0,0,0,0,0,9,0,0,2,0,0,0,0,0
77,1,0,0,0,5,0,9,0,0,0,0,0,0,0,0,0,0,0,0,0,0,0,0,0,0,0,0,0,15,0,0,0,0,0,0,0,0
78,1,0,0,0,6,0,4,0,0,0,0,0,0,0,0,0,0,0,0,0,0,0,0,0,0,0,0,0,9,0,0,0,0,0,0,0,0
79,1,0,0,0,4,0,3,0,0,1,0,0,0,0,0,0,0,1,0,0,0,0,0,0,1,0,0,0,11,0,0,0,0,0,0,0,10
80,1,0,0,0,21,0,0,0,0,0,0,0,0,0,0,0,0,1,0,0,0,0,0,0,0,1,0,0,11,0,0,0,0,0,0,8,2
81,1,0,0,0,26,0,0,1,1,0,0,0,0,0,0,0,0,0,0,0,0,1,0,0,0,0,0,0,17,0,0,0,0,1,1,0,0
82,1,0,0,0,13,0,7,0,0,0,1,1,0,0,0,0,0,0,0,0,0,0,0,0,0,0,0,0,20,2,0,0,0,0,0,0,0
83,1,0,0,0,33,0,0,0,0,0,0,0,0,0,0,0,0,0,0,0,0,0,0,0,0,0,0,0,18,0,0,0,0,0,0,0,0
84,1,0,0,0,9,0,5,0,0,0,0,0,0,0,0,0,0,0,0,0,0,0,0,0,0,0,0,0,12,0,0,1,0,0,0,0,0
85,1,0,0,0,9,1,9,0,0,0,1,1,0,0,0,0,0,0,0,0,0,0,0,0,0,0,0,0,22,1,0,0,0,0,1,0,0
86,1,0,0,0,15,1,9,0,0,0,1,1,0,0,0,0,0,0,0,0,0,0,0,0,0,0,0,0,24,1,0,0,0,0,1,0,0
87,1,0,0,0,10,0,4,0,0,0,1,1,0,0,0,0,0,1,0,0,0,0,0,0,0,1,0,0,14,0,0,0,0,0,0,4,9
88,1,0,0,2,10,0,0,0,0,0,0,0,0,0,0,0,0,0,0,0,0,0,0,0,0,0,0,0,5,0,0,0,0,0,0,0,0
89,1,0,0,0,1,0,8,0,0,0,0,0,0,0,0,0,0,0,0,0,0,0,0,0,0,0,0,0,14,0,0,0,0,0,0,0,0
90,1,0,0,0,1,0,8,0,0,0,0,0,0,0,0,0,0,0,0,0,0,0,0,0,0,0,0,0,14,0,0,0,0,0,0,0,0
91,1,0,0,0,27,0,0,0,0,0,0,0,0,0,0,0,0,0,0,0,0,0,0,0,0,0,0,0,12,0,0,0,0,0,0,0,0
92,1,0,0,0,15,0,0,0,0,0,0,0,0,0,0,0,0,0,0,0,0,0,0,0,0,0,0,0,6,0,0,0,0,0,0,0,0
93,1,0,0,0,15,0,0,0,0,0,0,0,0,0,0,0,0,0,0,0,0,0,0,0,0,0,0,0,6,0,0,0,0,0,0,0,0
94,1,0,0,0,5,0,0,0,0,0,0,0,0,0,0,0,0,0,0,0,0,0,0,0,0,0,0,0,5,0,0,2,0,0,0,0,0
95,1,0,0,0,13,0,0,0,0,0,0,0,0,0,0,0,0,0,0,0,0,0,0,0,0,0,0,0,8,0,0,2,0,0,0,0,0
96,1,0,0,0,13,0,4,0,0,0,0,0,0,0,0,0,0,2,0,0,0,0,0,0,0,2,0,0,14,0,0,0,0,0,0,4,9
97,1,0,0,0,16,1,0,0,0,0,0,0,0,0,0,0,0,1,0,0,0,0,0,0,0,1,0,0,10,0,0,0,0,0,1,6,3
98,1,0,0,0,3,0,2,0,0,1,0,0,0,0,0,0,0,0,0,0,0,0,0,0,0,0,0,0,8,1,0,0,0,0,0,0,0
99,1,0,0,0,0,0,3,0,0,0,0,0,0,0,0,0,0,0,0,0,0,0,0,0,0,0,0,0,7,0,0,0,0,0,0,0,0
100,1,0,0,0,10,0,3,0,0,0,0,0,0,0,0,0,0,0,0,0,0,0,0,0,0,0,0,0,10,0,0,0,0,0,0,0,0
101,1,0,0,0,13,0,5,0,1,0,0,0,0,0,0,0,0,0,0,0,0,0,0,0,0,0,0,0,15,0,0,0,0,0,0,0,0
102,1,0,0,0,4,0,7,0,0,1,0,0,0,0,0,0,0,0,0,0,0,0,0,0,0,0,0,0,15,2,0,0,0,0,0,0,0
103,1,0,0,0,15,1,0,0,0,0,0,0,0,0,0,0,0,1,0,0,0,0,0,0,0,1,0,0,8,0,0,0,0,0,1,2,5
104,1,0,0,0,9,0,8,0,0,0,0,0,0,0,0,0,0,2,0,0,0,0,0,0,1,2,0,0,16,2,0,0,0,0,0,2,13
105,1,0,0,0,12,0,0,0,0,0,0,0,0,0,0,0,0,0,0,0,0,0,0,0,0,0,0,0,4,0,0,0,0,0,0,0,0
106,1,0,0,0,15,0,3,0,0,0,0,0,0,0,0,0,0,2,0,0,0,0,0,0,1,2,0,0,15,1,0,0,0,0,0,2,12
107,1,0,0,0,15,0,3,0,0,0,0,0,1,0,0,0,0,1,0,0,0,0,0,0,0,1,0,0,13,0,0,0,0,0,0,2,10
108,1,0,0,0,10,0,0,0,0,0,0,0,0,0,0,0,0,0,0,0,0,0,0,0,0,0,0,0,6,0,0,0,0,0,1,0,0
109,1,0,0,0,6,0,3,0,0,0,0,0,0,0,0,0,0,1,0,0,0,0,0,0,1,0,0,0,9,0,0,0,0,0,0,0,8
110,1,0,0,0,15,0,1,0,0,0,1,1,0,0,0,0,0,2,0,0,0,0,0,0,0,2,0,0,10,0,0,0,0,0,0,4,5
111,1,0,0,0,10,0,1,0,0,0,0,0,0,0,2,0,0,0,0,0,0,0,0,0,0,0,0,0,11,0,0,2,0,0,0,0,0
112,1,0,0,0,16,0,2,0,0,0,2,2,0,0,2,0,0,0,0,0,0,0,0,0,0,0,0,0,14,0,0,0,0,0,0,0,0
113,1,0,0,0,9,0,2,0,0,0,0,0,0,0,2,1,0,0,0,0,0,0,0,0,0,0,0,0,10,0,0,0,0,0,0,0,0
114,1,0,0,0,12,0,2,0,0,0,1,1,0,0,2,0,0,0,0,0,0,0,0,0,0,0,0,0,12,0,0,0,0,0,0,0,0
115,1,0,0,0,8,0,4,0,0,0,1,1,0,0,0,0,0,1,0,0,0,0,0,0,1,0,0,0,11,0,2,0,0,0,0,1,9
116,1,0,0,0,7,0,10,0,0,0,0,0,0,0,0,0,0,1,0,0,0,0,0,0,0,1,0,0,16,0,0,0,0,0,0,2,13
117,1,0,0,0,19,0,0,0,0,0,0,0,0,0,0,0,0,0,0,0,0,0,0,0,0,0,0,0,11,0,0,2,0,0,0,0,0
118,1,0,0,0,19,0,0,0,0,0,0,0,0,0,0,0,0,0,0,0,0,0,0,0,0,0,0,0,8,0,0,0,0,0,0,0,0
119,1,0,0,0,19,0,0,0,0,0,0,0,0,0,0,0,0,0,0,0,0,0,0,0,0,0,0,0,8,0,0,0,0,0,0,0,0
120,1,0,0,0,19,0,0,0,0,0,0,0,0,0,0,0,0,0,0,0,0,0,0,0,0,0,0,0,8,0,0,0,0,0,0,0,0
121,1,0,0,0,10,0,4,0,0,0,0,0,0,0,0,0,0,0,0,0,0,0,0,0,0,0,0,0,12,0,0,0,0,0,0,2,0
122,1,0,0,0,2,0,0,0,0,2,0,0,0,0,0,0,0,0,0,0,0,0,0,0,0,0,0,0,4,0,0,0,0,0,0,0,0
123,1,0,0,0,3,0,2,0,0,0,0,0,0,0,2,1,0,0,0,0,0,0,0,0,0,0,0,0,7,0,0,0,0,0,0,0,0
124,1,0,0,1,35,0,0,0,0,0,0,0,0,0,0,0,0,0,0,0,0,0,0,0,0,0,0,0,18,0,1,0,0,0,0,0,0
125,1,0,0,0,5,0,10,0,0,0,0,0,0,0,0,0,0,0,0,0,0,0,0,0,0,0,0,0,14,0,0,0,0,0,0,0,0
126,1,0,0,0,23,2,0,0,0,0,1,1,0,0,0,0,0,0,0,0,0,0,0,0,0,0,0,0,18,0,0,0,0,0,2,0,0
127,1,0,0,0,8,0,0,1,0,0,0,0,0,0,0,0,0,0,0,0,0,1,0,0,0,0,0,0,12,0,0,0,0,0,0,0,0
128,1,0,0,0,5,0,9,0,0,0,0,0,0,0,1,0,0,0,0,0,0,0,0,0,0,0,0,0,14,0,0,0,0,0,0,0,0
129,1,0,0,0,19,0,0,0,0,0,0,0,0,0,0,0,0,1,0,0,0,0,0,0,0,1,0,0,9,0,0,0,0,0,0,6,2
130,1,0,0,0,10,0,5,0,0,0,0,0,0,0,0,0,0,0,0,0,0,0,0,0,0,0,0,0,14,0,2,0,0,0,0,0,0
131,1,0,0,0,10,0,4,0,0,0,1,1,0,0,0,0,0,1,0,0,0,0,0,0,1,0,0,0,11,0,0,0,0,0,0,1,9
132,1,0,0,0,10,0,4,0,0,0,1,1,0,0,0,0,0,1,0,0,0,0,0,0,1,0,0,0,11,0,0,0,0,0,0,1,9
133,1,0,0,0,9,0,3,0,0,1,0,0,0,0,0,1,0,0,0,0,0,0,0,0,0,0,0,0,11,0,0,0,0,0,0,0,0
134,1,0,2,0,4,0,0,0,0,0,0,0,0,0,0,0,0,0,0,0,0,0,0,0,0,0,0,0,3,0,0,0,0,0,0,0,0
135,1,0,0,0,12,0,4,0,0,0,0,0,0,0,0,0,0,0,0,0,0,0,0,0,0,0,0,0,10,0,0,0,0,0,0,0,0
136,1,0,0,0,5,0,3,0,0,0,1,1,0,0,0,0,0,0,0,0,0,0,0,0,0,0,0,0,12,0,0,0,0,0,0,0,0
137,1,0,0,0,6,0,2,0,0,0,0,0,0,0,0,0,0,0,0,0,0,0,0,0,0,0,0,0,8,0,0,0,0,0,0,0,0
138,1,0,0,0,6,0,2,0,0,0,0,0,0,0,0,0,0,0,0,0,0,0,0,0,0,0,0,0,8,0,0,0,0,0,0,0,0
139,1,0,0,0,12,0,4,0,0,0,1,1,0,0,0,0,0,1,0,0,0,0,0,0,1,0,0,0,12,0,0,0,0,0,0,1,10
140,1,0,0,0,4,0,2,0,0,1,0,0,0,0,0,0,0,0,0,0,0,0,0,0,0,0,0,0,9,1,0,0,0,0,0,0,0
141,1,0,0,0,14,0,5,0,0,0,0,0,0,0,0,0,0,1,0,0,0,0,0,0,0,1,0,0,13,1,0,0,0,0,0,2,10
142,1,0,0,0,9,0,7,0,0,0,1,1,0,0,0,0,0,0,0,0,0,0,0,0,0,0,0,0,18,3,0,0,0,0,0,0,0
143,1,0,0,0,0,0,5,0,0,0,0,0,0,0,0,0,0,0,0,0,0,0,0,0,0,0,0,0,11,0,0,0,0,0,0,0,0
144,1,0,0,0,12,3,4,0,0,0,0,0,0,0,0,0,0,0,0,0,0,0,0,0,0,0,0,0,17,0,0,1,0,0,1,0,0
145,1,0,0,0,0,0,9,0,0,0,0,0,0,0,0,0,0,0,0,0,0,0,0,0,0,0,0,0,12,0,0,0,0,0,0,0,0
146,1,0,0,0,13,0,4,0,0,0,0,0,0,0,0,0,0,0,0,0,0,0,0,0,0,0,0,0,11,0,0,0,0,0,0,0,0
147,1,0,0,0,13,0,4,0,0,0,0,0,0,0,0,0,0,0,0,0,0,0,0,0,0,0,0,0,11,0,0,0,0,0,0,0,0
148,1,0,0,0,0,0,15,0,0,0,0,0,0,0,0,0,0,0,0,0,0,0,0,0,0,0,0,0,18,0,0,0,0,0,0,0,0
149,1,0,0,0,6,0,5,0,0,0,0,0,0,0,0,0,0,2,0,0,0,0,0,0,1,2,0,0,9,0,0,0,0,0,0,2,6
150,1,0,0,0,11,0,8,0,0,0,1,1,0,0,0,0,0,1,0,0,0,0,0,0,0,1,0,0,19,0,0,0,0,0,0,3,15
151,1,0,0,0,7,0,8,0,0,0,1,1,0,0,0,0,0,1,0,0,0,0,0,0,0,1,0,0,17,0,0,0,0,0,0,3,13
152,1,0,0,0,6,0,4,0,0,0,0,0,0,0,0,0,0,1,0,0,0,0,0,0,2,0,0,0,13,2,0,0,0,0,0,0,12
153,1,0,0,0,0,0,8,0,0,0,0,0,0,0,0,0,0,3,0,0,0,0,0,0,3,0,0,0,20,1,0,0,0,0,0,2,17
154,1,0,0,0,0,0,10,0,0,0,0,0,0,0,0,0,0,0,0,0,0,0,0,0,0,0,0,0,17,0,0,2,0,0,0,0,0
155,1,0,0,0,11,0,2,0,0,0,0,0,0,0,2,0,0,0,0,0,0,0,0,0,0,0,0,0,12,0,0,1,0,0,0,0,0
156,1,0,0,0,10,0,13,0,0,0,1,1,0,0,0,0,0,0,0,0,0,0,0,0,0,0,0,0,26,2,0,0,0,0,0,0,0
157,1,0,0,0,4,0,1,0,0,0,0,0,0,0,0,0,0,0,0,0,0,0,0,0,0,0,0,0,7,0,0,0,0,0,1,0,0
158,1,0,0,0,7,0,4,0,0,1,0,0,0,0,0,0,0,1,0,0,0,0,0,0,0,1,0,0,11,0,0,0,0,0,0,3,7
159,1,0,0,0,9,0,4,0,0,0,0,0,0,0,0,0,0,1,0,0,0,0,0,0,0,1,0,0,11,0,0,0,0,0,0,3,7
160,1,0,0,0,11,0,4,0,0,1,0,0,0,0,0,0,0,1,0,0,0,0,0,0,0,1,0,0,13,0,0,0,0,0,0,3,9
161,1,0,0,0,7,0,5,0,0,0,0,0,0,0,2,0,0,0,0,0,0,0,0,0,0,0,0,0,16,0,0,1,0,0,0,0,0
162,1,0,0,0,6,0,4,0,0,0,0,0,0,0,0,0,0,2,0,0,0,0,0,0,1,2,0,0,10,0,0,0,0,0,0,2,7
163,1,0,0,0,0,0,7,0,0,0,0,0,0,0,2,0,0,0,0,0,0,0,0,0,0,0,0,0,13,1,0,0,0,0,0,0,0
164,1,0,0,0,0,0,16,0,0,0,0,0,0,0,0,0,0,0,0,0,0,0,0,0,0,0,0,0,22,0,0,0,0,0,0,0,0
165,1,0,0,0,6,0,4,0,0,0,0,0,0,0,0,0,0,1,0,0,0,0,0,0,0,1,0,0,12,0,0,0,0,0,0,4,7
166,1,0,0,0,2,0,0,0,0,1,0,0,0,0,0,0,0,0,0,0,0,0,0,0,0,0,0,0,7,1,0,1,0,0,0,0,0
167,1,0,0,0,19,0,0,0,0,0,1,1,0,0,0,0,0,0,0,0,0,0,0,0,0,0,0,0,15,1,0,1,0,0,0,0,0
168,1,0,0,0,7,0,7,0,1,0,0,0,0,0,0,0,0,0,0,0,0,0,0,0,0,0,0,0,15,1,0,0,0,0,0,0,0
169,1,0,0,0,13,0,2,0,0,0,1,1,0,0,0,0,0,0,0,0,0,0,0,0,0,0,0,0,15,0,0,1,0,0,0,0,0
170,1,0,0,0,0,0,4,0,0,0,0,0,0,0,0,0,0,0,0,0,0,0,0,0,0,0,0,0,9,0,0,0,0,0,0,2,0
171,1,0,0,0,0,0,7,0,0,0,0,0,0,0,0,0,0,0,0,0,0,0,0,0,0,0,0,0,11,1,0,0,0,0,0,0,0
172,1,0,0,0,13,0,6,0,0,0,1,1,0,0,0,0,0,1,0,0,0,0,0,0,0,1,0,0,17,1,0,0,0,0,0,3,13
173,1,0,0,0,20,0,1,0,0,0,0,0,0,0,0,0,0,0,0,0,0,0,0,0,0,0,0,0,14,1,0,0,0,0,0,6,0
174,1,0,0,0,0,0,8,0,0,0,0,0,0,0,0,0,0,0,0,0,0,0,0,0,0,0,0,0,12,0,0,0,0,0,0,0,0
175,1,0,0,0,6,0,0,0,0,0,0,0,0,0,0,0,0,0,0,0,0,0,0,0,0,0,0,0,6,0,0,0,0,0,0,0,0
176,1,0,0,0,3,2,0,0,0,0,0,0,0,0,0,0,0,0,0,0,0,0,0,0,0,0,0,0,10,0,0,0,0,0,2,0,0
177,1,0,0,0,10,2,0,0,0,0,0,0,0,0,0,0,0,0,0,0,0,0,0,0,0,0,0,0,9,0,0,0,0,0,2,0,0
178,1,0,0,0,42,0,0,0,0,0,0,0,0,0,0,0,0,0,0,0,0,0,0,0,0,0,0,0,19,0,0,0,0,0,0,0,0
179,1,0,0,0,1,0,5,0,0,0,0,0,0,0,0,0,0,3,0,0,0,0,0,0,3,0,0,0,16,1,0,0,0,0,0,2,13
180,1,0,0,0,20,0,0,0,0,0,0,0,0,0,0,0,0,0,0,0,0,0,0,0,0,0,0,0,12,0,0,1,0,0,0,0,0
181,1,0,1,0,10,4,8,0,0,0,0,0,0,0,0,0,0,0,0,0,0,0,0,0,0,0,0,0,25,0,0,0,0,0,2,0,0
182,1,0,0,0,10,0,3,0,0,1,0,0,0,0,0,0,0,1,0,0,0,0,0,0,1,0,0,0,13,0,0,0,0,0,0,1,11
183,1,0,0,0,10,0,5,0,0,1,0,0,0,0,0,0,0,1,0,0,0,0,0,0,1,0,0,0,17,0,0,0,0,0,0,1,15
184,1,0,0,0,6,0,2,0,0,0,0,0,0,0,0,0,0,0,0,0,0,0,0,0,0,0,0,0,8,0,0,0,0,0,0,0,0
185,1,0,0,0,9,0,3,0,0,0,1,1,0,0,0,0,0,1,0,0,0,0,0,0,2,0,0,0,14,1,0,0,0,0,0,0,13
186,1,0,0,0,9,0,3,0,0,0,1,1,0,0,0,0,0,1,0,0,0,0,0,0,2,0,0,0,14,1,0,0,0,0,0,0,13
187,1,0,0,0,17,0,0,0,0,0,0,0,0,0,0,0,0,0,0,0,0,0,0,0,0,0,0,0,9,0,0,0,0,0,0,0,0
188,1,0,0,0,4,0,0,0,0,0,0,0,0,0,0,0,0,0,0,0,0,0,0,0,0,0,0,0,9,0,1,0,0,0,1,0,0
189,1,0,0,0,13,0,0,0,0,0,0,0,0,0,0,0,0,4,0,0,0,0,0,0,2,4,0,0,8,0,0,0,0,0,0,8,-1
190,1,0,0,0,19,0,4,0,0,0,1,1,0,0,0,0,0,0,0,0,0,0,0,0,0,0,0,0,15,0,0,0,0,0,0,0,0
191,1,0,0,0,19,0,0,0,0,0,0,0,0,0,0,0,0,0,0,0,0,0,0,0,0,0,0,0,12,0,0,1,0,0,0,0,0
192,1,0,0,0,21,0,2,0,0,0,0,0,0,0,2,0,0,0,0,0,0,0,0,0,0,0,0,0,15,0,0,1,0,0,0,0,0
193,1,0,0,0,7,0,10,0,0,0,1,1,0,0,0,0,0,0,0,0,0,0,0,0,0,0,0,0,18,0,0,0,0,0,0,0,0
194,1,0,0,0,8,0,4,1,0,0,0,0,0,0,0,0,0,0,0,0,0,1,0,0,0,0,0,0,15,0,0,0,0,0,0,0,0
195,1,0,0,0,8,0,4,1,0,0,0,0,0,0,0,0,0,0,0,0,0,1,0,0,0,0,0,0,15,0,0,0,0,0,0,0,0
196,1,0,0,0,3,0,7,0,0,0,0,0,0,0,0,0,0,0,0,0,0,0,0,0,0,0,0,0,13,0,0,0,0,0,0,0,0
197,1,0,0,0,20,0,0,0,0,0,1,1,0,0,0,0,0,2,0,0,0,0,0,0,0,2,0,0,10,0,0,0,0,0,0,4,5
198,1,0,0,0,7,0,3,0,0,1,0,0,0,0,0,0,0,0,0,0,0,0,0,0,0,0,0,0,10,1,0,0,0,0,0,0,0
199,1,0,0,0,15,0,3,0,0,0,2,2,0,0,0,0,0,0,0,0,0,0,0,0,0,0,0,0,16,0,0,1,0,0,0,0,0
200,1,0,0,0,16,0,0,0,0,0,0,0,0,0,0,0,0,0,0,0,0,0,0,0,0,0,0,0,8,0,0,0,0,0,0,0,0
201,1,0,0,0,10,0,8,0,0,0,0,0,0,0,0,0,0,1,0,0,0,0,0,0,1,0,0,0,17,1,0,0,0,0,0,0,16
202,1,0,0,0,27,0,0,0,0,0,0,0,0,0,0,0,0,0,0,0,0,0,0,0,0,0,0,0,12,0,0,0,0,0,0,0,0
203,1,0,0,0,15,0,6,0,1,0,0,0,0,0,0,0,0,0,0,0,0,0,0,0,0,0,0,0,17,0,0,0,0,0,0,0,0
204,1,0,0,0,12,1,0,0,0,0,1,1,0,0,0,0,0,0,0,0,0,0,0,0,0,0,0,0,7,0,0,0,0,0,1,0,0
205,1,0,0,0,19,0,0,0,0,0,0,0,1,0,0,0,0,0,0,0,0,0,0,0,0,0,0,0,11,0,0,2,0,0,0,0,0
206,1,0,0,0,6,0,4,0,0,0,0,0,0,0,0,0,0,1,0,0,0,0,0,0,1,0,0,0,9,0,0,0,0,0,0,1,7
207,1,0,0,0,9,0,3,0,0,0,0,0,0,0,0,0,0,2,0,0,0,0,0,0,1,2,0,0,10,1,0,0,0,0,0,2,7
208,1,0,0,0,12,1,0,0,0,0,1,1,0,0,0,0,0,0,0,0,0,0,0,0,0,0,0,0,7,0,0,0,0,0,1,0,0
209,1,0,0,0,0,0,0,0,0,0,0,0,0,0,0,0,0,0,0,0,0,0,0,0,0,0,0,0,10,0,0,0,0,0,0,0,0
210,1,0,0,0,17,0,0,0,0,0,0,0,0,0,0,0,0,1,0,0,0,0,0,0,0,1,0,0,9,0,0,0,0,0,0,6,2
211,1,0,0,0,6,0,4,0,0,0,0,0,0,0,0,0,0,1,0,0,0,0,0,0,1,0,0,0,9,0,0,0,0,0,0,1,7
212,1,0,0,0,6,0,4,0,0,0,0,0,0,0,0,0,0,2,0,0,0,0,0,0,1,2,0,0,9,0,0,0,0,0,0,2,6
213,1,0,0,0,9,0,3,0,0,0,0,0,0,0,0,0,0,0,0,0,0,0,0,0,0,0,0,0,10,0,0,1,0,0,0,0,0
214,1,0,0,0,7,0,0,0,0,0,0,0,0,0,0,0,0,0,0,0,0,0,0,0,0,0,0,0,4,0,0,0,0,0,0,0,0
215,1,0,0,0,2,0,7,0,0,0,0,0,0,0,0,0,0,1,0,0,0,0,0,1,0,0,0,0,12,1,0,0,0,0,0,0,11
216,1,0,0,0,14,0,7,0,0,0,0,0,0,0,0,0,0,1,0,0,0,0,0,0,0,1,0,0,17,1,0,0,0,0,0,4,12
217,1,0,0,0,12,0,3,0,0,0,0,0,0,0,0,0,0,2,0,0,0,0,0,0,1,2,0,0,12,0,0,0,0,0,0,5,6
218,1,0,0,0,12,0,4,0,0,0,0,0,0,0,0,0,0,2,0,0,0,0,0,0,2,1,0,0,15,2,0,0,0,0,0,2,12
219,1,0,1,1,10,1,3,0,0,0,0,0,0,0,1,0,0,0,0,0,0,0,0,0,0,0,0,0,11,0,0,0,0,0,1,0,0
220,1,0,0,0,0,0,3,0,0,0,0,0,0,0,0,0,0,0,0,0,0,0,0,0,0,0,0,0,6,0,0,0,0,0,0,0,0
221,1,0,0,0,0,0,7,0,0,0,0,0,0,0,1,0,0,0,0,0,0,0,0,0,0,0,0,0,12,1,0,0,0,0,0,0,0
222,1,0,0,0,14,0,3,0,0,0,2,2,0,0,1,0,0,0,0,0,0,0,0,0,0,0,0,0,14,0,0,0,0,0,0,0,0
223,1,0,0,0,3,0,5,0,0,0,0,0,0,0,0,0,0,0,0,0,0,0,0,0,0,0,0,0,12,0,0,1,0,0,0,0,0
224,1,0,0,0,0,0,11,0,1,0,0,0,0,0,0,0,0,0,0,0,0,0,0,0,0,0,0,0,17,0,0,0,0,0,0,0,0
225,1,0,0,0,13,0,3,0,0,0,1,1,0,0,0,0,0,1,0,0,0,0,0,0,0,1,0,0,14,0,0,0,0,0,0,4,9
226,1,0,0,0,11,0,2,0,0,0,0,0,0,0,0,0,0,0,0,0,0,0,0,0,0,0,0,0,15,2,0,0,0,0,0,0,0
227,1,0,0,0,16,0,2,0,0,0,0,0,0,0,0,0,0,0,0,0,0,0,0,0,0,0,0,0,15,2,0,0,0,0,0,0,0
228,1,0,0,0,21,0,0,0,0,0,0,0,0,0,0,0,0,1,0,0,0,0,0,0,0,1,0,0,10,0,0,0,0,0,0,6,3
229,1,0,1,0,11,0,4,0,0,0,0,0,0,0,0,0,0,0,0,0,0,0,0,0,0,0,0,0,12,0,0,0,0,0,0,0,0
230,1,0,0,0,19,0,4,0,0,0,0,0,0,0,0,0,0,1,0,0,0,0,0,0,1,0,0,0,18,0,0,0,0,0,0,0,17
231,1,0,0,0,14,0,3,0,0,0,0,0,0,0,0,0,0,1,0,0,0,0,0,0,1,0,0,0,13,0,0,0,0,0,0,0,12
232,1,0,0,0,12,0,8,0,0,0,0,0,0,0,0,0,0,0,0,0,0,0,0,0,0,0,0,0,18,0,0,0,0,0,0,0,0
233,1,0,0,0,17,0,5,0,0,0,0,0,1,0,0,0,0,1,0,0,0,0,0,0,0,1,0,0,16,0,0,0,0,0,1,3,12
234,1,0,0,0,16,1,9,0,0,0,1,1,0,0,0,0,0,0,0,0,0,0,0,0,0,0,0,0,23,1,0,0,0,0,1,0,0
235,1,0,0,0,17,0,0,0,0,0,0,0,0,0,0,0,0,0,0,0,0,0,0,0,0,0,0,0,7,0,0,0,0,0,0,0,0
236,1,0,0,0,17,0,0,0,0,0,0,0,0,0,0,0,0,0,0,0,0,0,0,0,0,0,0,0,7,0,0,0,0,0,0,0,0
237,1,0,0,0,19,0,0,0,0,0,0,0,0,0,0,0,0,1,0,0,0,0,0,0,0,1,0,0,10,0,0,0,0,0,1,4,5
238,1,0,0,0,0,0,11,0,0,0,0,0,0,0,0,0,0,1,0,0,0,0,0,0,1,0,0,0,19,1,0,0,0,0,0,0,18
239,1,0,0,0,8,1,7,0,0,0,1,1,1,0,0,0,0,0,0,0,0,0,0,0,0,0,0,0,18,1,0,0,0,0,1,0,0
240,1,0,0,0,28,0,0,0,0,0,0,0,0,0,0,0,0,1,0,0,0,0,0,0,0,1,0,0,14,0,0,0,0,0,0,6,7
241,1,0,0,0,4,0,3,0,0,0,1,1,0,0,0,0,0,0,0,0,0,0,0,0,0,0,0,0,10,0,0,0,0,0,0,0,0
242,1,0,0,0,22,1,0,1,0,0,1,1,0,0,0,0,0,0,0,0,0,1,0,0,0,0,0,0,19,0,0,0,0,1,2,0,0
243,1,0,0,0,14,0,2,0,0,0,0,0,0,0,2,0,0,0,0,0,0,0,0,0,0,0,0,0,14,0,0,1,0,0,0,0,0
244,1,0,0,0,27,0,4,1,1,0,0,0,0,0,0,0,0,0,0,0,0,1,0,0,0,0,0,0,24,1,0,0,0,1,1,0,0
245,1,0,0,0,13,0,3,0,0,0,1,1,0,0,0,0,0,1,0,0,0,0,0,0,1,0,0,0,12,0,0,0,0,0,0,1,10
246,1,0,0,0,17,0,0,0,0,0,0,0,0,0,0,0,0,0,0,0,0,0,0,0,0,0,0,0,10,1,0,2,0,0,0,0,0
247,1,0,0,0,9,0,5,0,0,0,0,0,0,0,0,0,0,1,0,0,0,0,0,0,0,1,0,0,11,0,0,0,0,0,0,3,7
248,1,0,0,0,5,0,3,0,0,0,0,0,0,0,0,0,0,1,0,0,0,0,0,0,1,0,0,0,9,0,0,0,0,0,0,0,8
249,1,0,0,0,18,1,0,0,0,0,1,1,0,0,0,0,0,0,0,0,0,0,0,0,0,0,0,0,10,0,0,0,0,0,1,0,0
250,1,0,0,0,7,0,5,0,0,0,1,1,0,0,0,0,0,1,0,0,0,0,0,0,1,0,0,0,10,0,0,0,0,0,0,0,9
251,1,0,2,0,6,0,0,0,0,0,0,0,0,0,0,0,0,0,0,0,0,0,0,0,0,0,0,0,4,0,0,0,0,0,0,0,0
252,1,0,0,0,10,0,4,0,0,0,0,0,0,0,0,0,0,1,0,0,0,0,0,0,2,0,0,0,15,1,0,0,0,0,0,0,14
253,1,0,0,0,8,0,5,0,1,0,0,0,0,0,0,0,0,0,0,0,0,0,0,0,0,0,0,0,14,0,0,0,0,0,0,0,0
254,1,0,0,0,8,0,6,0,1,0,0,0,0,0,0,0,0,0,0,0,0,0,0,0,0,0,0,0,14,0,0,0,0,0,0,0,0
255,1,0,0,0,6,0,2,0,0,1,0,0,0,0,0,0,0,0,0,0,0,0,0,0,0,0,0,0,13,2,0,0,0,0,0,0,0
256,1,0,0,0,11,0,2,0,0,0,1,1,0,0,0,0,0,0,0,0,0,0,0,0,0,0,0,0,15,2,0,0,0,0,0,0,0
257,1,0,0,0,0,0,6,0,0,0,0,0,0,0,0,0,0,0,0,0,0,0,0,0,0,0,0,0,10,0,0,0,0,0,0,0,0
258,1,0,0,0,10,0,7,0,0,0,0,0,0,0,0,0,0,0,0,0,0,0,0,0,0,0,0,0,14,0,0,0,0,0,0,0,0
259,1,0,0,0,17,0,6,0,0,0,1,1,0,0,0,0,0,0,0,0,0,0,0,0,0,0,0,0,19,0,0,0,0,0,0,0,0
260,1,0,0,0,18,0,2,1,0,0,0,0,0,0,0,0,0,0,0,0,0,1,0,0,0,0,0,0,18,4,0,0,0,0,0,0,0
261,1,0,0,0,0,0,4,0,0,1,0,0,0,0,0,0,0,0,0,0,0,0,0,0,0,0,0,0,10,0,0,0,0,0,0,0,0
262,1,0,0,0,3,0,4,0,0,1,0,0,0,0,0,0,0,0,0,0,0,0,0,0,0,0,0,0,11,0,0,0,0,0,0,0,0
263,1,1,0,0,0,0,4,2,0,0,0,0,0,0,0,0,0,0,0,0,0,2,0,0,0,0,0,0,10,0,0,0,0,2,1,0,0
264,1,0,0,0,9,0,8,0,0,0,1,1,0,0,0,0,0,0,0,0,0,0,0,0,0,0,0,0,19,2,0,0,0,0,0,0,0
265,1,0,0,0,4,0,8,0,0,1,0,0,0,0,0,0,0,0,0,0,0,0,0,0,0,0,0,0,17,2,0,0,0,0,0,0,0
266,1,0,0,0,6,0,5,0,0,0,0,0,0,0,0,0,0,0,0,0,0,0,0,0,0,0,0,0,12,0,0,0,0,0,0,0,0
267,1,0,0,0,18,1,7,0,0,0,1,1,0,0,0,0,0,0,0,0,0,0,0,0,0,0,0,0,22,1,0,0,0,0,1,0,0
268,1,0,0,0,11,0,4,0,0,0,0,0,0,0,0,0,0,1,0,0,0,0,0,0,2,0,0,0,14,2,0,0,0,0,0,0,13
269,1,0,0,0,6,0,0,0,0,0,0,0,1,0,0,0,0,0,0,0,0,0,0,0,0,0,0,0,6,0,0,0,0,0,0,0,0
270,1,0,0,0,7,0,3,0,0,0,0,0,0,0,0,0,0,0,0,0,0,0,0,0,0,0,0,0,15,0,0,0,0,0,0,0,0
271,1,0,0,0,7,0,2,0,0,0,0,0,0,0,0,0,0,2,0,0,0,0,0,1,3,0,0,0,11,0,0,0,0,0,0,0,10
272,1,0,0,0,7,0,2,0,0,0,0,0,0,0,0,0,0,2,0,0,0,0,0,1,3,0,0,0,11,0,0,0,0,0,0,0,10
273,1,0,0,0,7,0,3,0,0,0,0,0,0,0,0,0,0,0,0,0,0,0,0,0,0,0,0,0,15,0,0,0,0,0,0,0,0
274,1,0,0,0,14,0,0,0,0,0,0,0,0,0,0,0,0,0,0,0,0,0,0,0,0,0,0,0,9,0,0,2,0,0,0,0,0
275,1,0,0,0,28,0,0,1,1,0,0,0,0,0,0,0,0,0,0,0,0,1,0,0,0,0,0,0,17,0,0,0,0,1,1,0,0
276,1,0,0,0,17,0,12,0,0,0,0,0,0,0,0,0,0,0,0,0,0,0,0,0,0,0,0,0,25,2,0,0,0,0,0,0,0
277,1,0,0,0,17,3,0,0,0,0,0,0,0,0,0,0,0,1,0,0,0,0,0,0,1,0,0,0,13,0,0,0,0,0,1,2,10
278,1,0,0,0,10,0,3,3,0,0,0,0,0,0,0,0,0,0,0,0,0,3,0,0,0,0,0,0,14,0,0,0,0,0,0,0,0
279,1,0,0,0,7,0,2,0,0,0,0,0,0,0,0,0,0,0,0,0,0,0,0,0,0,0,0,0,11,0,0,1,0,0,0,0,0
280,1,0,0,0,11,0,5,0,0,0,0,0,0,0,0,0,0,1,0,0,0,0,0,0,2,0,0,0,16,2,0,0,0,0,0,0,15
281,1,0,0,0,20,0,0,0,0,0,0,0,0,0,0,0,0,0,0,0,0,0,0,0,0,0,0,0,8,0,0,0,0,0,0,0,0
282,1,0,0,0,15,0,4,0,0,0,0,0,0,0,0,0,0,0,0,0,0,0,0,0,0,0,0,0,12,0,0,0,0,0,0,0,0
283,1,0,0,0,3,0,3,0,0,0,1,1,0,0,0,0,0,1,0,0,0,0,0,0,1,0,0,0,8,0,0,0,0,0,0,0,7
284,1,0,0,0,21,0,2,0,0,0,0,0,0,0,0,0,0,0,0,0,0,0,0,0,0,0,0,0,13,0,0,0,0,0,0,0,0
285,1,0,0,0,18,0,5,0,0,0,0,0,0,0,0,0,0,1,0,0,0,0,0,0,0,1,0,0,15,0,0,0,0,0,0,4,10
286,1,0,0,0,0,0,1,0,0,0,0,0,0,0,1,0,0,0,0,0,0,0,0,0,0,0,0,0,6,0,0,0,0,0,0,0,0
287,1,0,0,0,14,0,2,3,0,0,0,0,1,0,0,0,0,0,0,0,0,3,0,0,0,0,0,0,17,0,0,0,0,0,0,0,0
288,1,0,0,0,12,0,8,0,0,0,0,0,0,0,0,0,0,0,0,0,0,0,0,0,0,0,0,0,16,0,0,0,0,0,0,0,0
289,1,0,0,0,21,2,0,1,1,0,0,0,0,0,0,0,0,0,0,0,0,1,0,0,0,0,0,0,17,0,1,0,0,1,2,0,0
290,1,0,0,0,21,0,0,0,0,0,0,0,0,0,0,0,0,0,0,0,0,0,0,0,0,0,0,0,9,0,0,0,0,0,0,0,0
291,1,0,0,0,9,0,2,0,0,0,1,1,0,0,0,0,0,1,0,0,0,0,0,0,2,0,0,0,12,1,0,0,0,0,0,0,11
292,1,0,0,0,17,0,0,0,0,0,0,0,0,0,0,0,0,1,0,0,0,0,0,0,1,0,0,0,9,0,0,0,0,0,0,1,7
293,1,0,0,0,17,0,0,0,0,0,0,0,0,0,0,0,0,1,0,0,0,0,0,0,1,0,0,0,9,0,0,0,0,0,0,1,7
294,1,0,0,0,17,0,0,0,0,0,0,0,0,0,0,0,0,1,0,0,0,0,0,0,1,0,0,0,9,0,0,0,0,0,0,1,7
295,1,0,0,0,15,0,0,0,0,0,0,0,0,0,0,0,0,0,0,0,0,0,0,0,0,0,0,0,6,0,0,0,0,0,0,0,0
296,1,0,0,0,10,0,3,0,0,0,0,0,0,0,0,0,0,0,0,0,0,0,0,0,0,0,0,0,8,0,0,0,0,0,0,0,0
297,1,0,0,0,20,0,5,0,0,0,0,0,0,0,0,0,0,1,0,0,0,0,0,0,0,1,0,0,16,0,0,0,0,0,0,8,7
298,1,0,0,0,13,0,8,0,0,0,0,0,0,0,0,0,0,1,0,0,0,0,0,0,1,0,0,0,21,1,0,0,0,0,0,1,19
299,1,0,0,0,9,0,4,0,0,0,0,0,0,0,0,0,0,0,0,0,0,0,0,0,0,0,0,0,10,0,0,1,0,0,0,0,0
300,1,0,0,0,24,0,2,1,1,0,0,0,0,0,0,0,0,0,0,0,0,1,0,0,0,0,0,0,20,0,0,0,0,1,1,0,0
301,1,0,0,0,10,1,1,0,0,0,1,1,0,0,0,0,0,0,0,0,0,0,0,0,0,0,0,0,15,0,0,0,0,0,1,0,0
302,1,0,0,0,16,0,0,0,0,0,0,0,0,0,0,0,0,1,0,0,0,0,0,0,0,1,0,0,10,0,0,0,0,0,1,6,3
303,1,0,0,0,10,0,4,0,0,0,0,0,0,0,0,0,0,1,0,0,0,0,0,0,2,0,0,0,14,2,0,0,0,0,0,0,13
304,1,0,0,0,10,0,2,0,0,0,0,0,0,0,0,0,0,0,0,0,0,0,0,0,0,0,0,0,10,0,0,0,0,0,0,0,0
305,1,0,0,0,4,0,3,0,0,0,0,0,0,0,0,0,0,0,0,0,0,0,0,0,0,0,0,0,10,0,1,0,0,0,0,0,0
306,1,0,0,0,15,0,0,0,0,0,0,0,0,0,0,0,0,0,0,0,0,0,0,0,0,0,0,0,9,0,0,2,0,0,0,0,0
307,1,0,0,0,14,0,3,0,0,0,1,1,0,0,0,0,0,1,0,0,0,0,0,0,2,0,0,0,17,1,0,1,0,0,0,0,16
308,1,0,0,0,10,0,0,2,1,1,0,0,0,0,0,0,0,0,0,0,0,2,0,0,0,0,0,0,11,0,0,0,0,0,1,0,0
309,1,0,0,0,12,1,6,0,1,0,0,0,0,0,0,0,0,0,0,0,0,0,0,0,0,0,0,0,17,0,0,0,0,0,1,0,0
310,1,0,0,0,17,0,0,0,0,0,0,0,0,0,0,0,0,1,0,0,0,0,0,0,1,0,0,0,8,0,0,0,0,0,0,1,6
311,1,0,0,0,9,0,3,0,0,0,1,1,0,0,0,0,0,1,0,0,0,0,0,0,1,0,0,0,10,0,0,0,0,0,0,1,8
